"string","MAFSAEDVLKEYDRRRRMEALLLSLYYPNDRKLLDYKEWSPPRVQVECPKAPVEWNNPPSEKGLIVGHFSGIKYKGEKAQASEVDVNKMCCWVSKFKDAMRRYQGIQTCKIPGKVLSDLDAKIKAYNLTVEGVEGFVRYSRVTKQHVAAFLKELRHSKQYENVNLIHYILTDKRVDIQHLEKDLVKDFKALVESAHRMRQGHMINVKYILYQLLKKHGHGPDGPDILTVKTGSKGVLYDDSFRKIYTDLGWKFTPL",,
"regex","result","re2copro_compiler_size unoptimized [instructions]","re2copro_compiler_size optimized [instructions]"
"(((R|K|X)(R|K|X))?.(S|T|X))","UNK",31,28
"(S|T|X)(..)?(D|B|E|Z|X)","UNK",30,27
"(C|X).(D|B|N|B|X)(....)?(F|Y|X).(C|X).(C|X)","UNK",50,44
"(C|X)(.....?)?(C|X)(C|X)(S|X)(..)?(G|X).(C|X)(G|X)(....?)?(F|Y|W|X)(C|X)","UNK",77,63
"(C|X)(..(..)?)?(C|X)(...)?(L|I|V|M|F|Y|W|C|X)(........)?(H|X)(...(..)?)?(H|X)","UNK",82,71
"((L|I|V|M|F|E|Z|X)(F|Y|X)(P|X)(W|X)(M|X)(K|R|Q|Z|T|A|X))","UNK",70,64
"((L|X)(M|X)(A|X)(E|Z|Q|Z|X)(G|X)(L|X)(Y|X)(N|B|X))","UNK",56,48
"((R|X)(P|X)(C|X)(..........)?(C|X)(V|X)(S|X))","UNK",46,39
"(R|K|X)(...?)?(D|B|E|Z|X)(...?)?(Y|X)","UNK",45,38
".(G|X)(R|K|X)(R|K|X)","UNK",26,22
"(S|T|X).(R|K|X)","UNK",21,19
"(.(G|X)(R|K|X)(R|K|X))|((S|T|X).(R|K|X))","UNK",46,39
"((L|X)(M|X)(A|X)(E|Z|Q|Z|X)(G|X)(L|X)(Y|X)(N|B|X))|((R|X)(P|X)(C|X)(..........)?(C|X)(V|X)(S|X))","UNK",101,83
"((R|X)(P|X)(C|X)(..........)?(C|X)(V|X)(S|X))|((R|K|X)(...?)?(D|B|E|Z|X)(...?)?(Y|X))","UNK",90,74
"((L|X)(M|X)(A|X)(E|Z|Q|Z|X)(G|X)(L|X)(Y|X)(N|B|X))|((R|K|X)(...?)?(D|B|E|Z|X)(...?)?(Y|X))","UNK",100,82
"((L|X)(M|X)(A|X)(E|Z|Q|Z|X)(G|X)(L|X)(Y|X)(N|B|X))|((R|X)(P|X)(C|X)(..........)?(C|X)(V|X)(S|X))|((R|K|X)(...?)?(D|B|E|Z|X)(...?)?(Y|X))","UNK",144,117
"((R|X)(P|X)(C|X)(..........)?(C|X)(V|X)(S|X))|((R|K|X)(...?)?(D|B|E|Z|X)(...?)?(Y|X))|((S|T|X).(R|K|X))","UNK",109,91
"((R|K|X)(...?)?(D|B|E|Z|X)(...?)?(Y|X))|(.(G|X)(R|K|X)(R|K|X))|((S|T|X).(R|K|X))","UNK",89,73
"((C|X)(.....?)?(C|X)(C|X)(S|X)(..)?(G|X).(C|X)(G|X)(....?)?(F|Y|W|X)(C|X))|((C|X)(..(..)?)?(C|X)(...)?(L|I|V|M|F|Y|W|C|X)(........)?(H|X)(...(..)?)?(H|X))|((R|X)(P|X)(C|X)(..........)?(C|X)(V|X)(S|X))","UNK",202,167
"((C|X)(.....?)?(C|X)(C|X)(S|X)(..)?(G|X).(C|X)(G|X)(....?)?(F|Y|W|X)(C|X))|((C|X)(..(..)?)?(C|X)(...)?(L|I|V|M|F|Y|W|C|X)(........)?(H|X)(...(..)?)?(H|X))|((R|X)(P|X)(C|X)(..........)?(C|X)(V|X)(S|X))|(.(G|X)(R|K|X)(R|K|X))","UNK",226,187
"((C|X)(..(..)?)?(C|X)(...)?(L|I|V|M|F|Y|W|C|X)(........)?(H|X)(...(..)?)?(H|X))|((R|K|X)(...?)?(D|B|E|Z|X)(...?)?(Y|X))|(((R|X)(P|X)(C|X)(..........)?(C|X)(V|X)(S|X)))|(((L|X)(M|X)(A|X)(E|Z|Q|Z|X)(G|X)(L|X)(Y|X)(N|B|X)))","UNK",224,185
"((C|X).(D|B|N|B|X)(....)?(F|Y|X).(C|X).(C|X))|((C|X)(.....?)?(C|X)(C|X)(S|X)(..)?(G|X).(C|X)(G|X)(....?)?(F|Y|W|X)(C|X))|((C|X)(..(..)?)?(C|X)(...)?(L|I|V|M|F|Y|W|C|X)(........)?(H|X)(...(..)?)?(H|X))|(((L|X)(M|X)(A|X)(E|Z|Q|Z|X)(G|X)(L|X)(Y|X)(N|B|X)))","UNK",260,211
