"string","MAFSAEDVLKEYDRRRRMEALLLSLYYPNDRKLLDYKEWSPPRVQVECPKAPVEWNNPPSEKGLIVGHFSGIKYKGEKAQASEVDVNKMCCWVSKFKDAMRRYQGIQTCKIPGKVLSDLDAKIKAYNLTVEGVEGFVRYSRVTKQHVAAFLKELRHSKQYENVNLIHYILTDKRVDIQHLEKDLVKDFKALVESAHRMRQGHMINVKYILYQLLKKHGHGPDGPDILTVKTGSKGVLYDDSFRKIYTDLGWKFTPL",,,,,,,
"regex","result","label","re2copro_compiler_size unoptimized [instructions]","re2copro_compiler_size optimized [instructions]",,,,
"(((R|K|X)(R|K|X))?.(S|T|X))","UNK",1,31,27,,,,
"(S|T|X)(..)?(D|B|E|Z|X)","UNK",2,30,27,,,,
"(C|X).(D|B|N|B|X)(....)?(F|Y|X).(C|X).(C|X)","UNK",3,50,44,,,,
"(C|X)(.....?)?(C|X)(C|X)(S|X)(..)?(G|X).(C|X)(G|X)(....?)?(F|Y|W|X)(C|X)","UNK",4,77,63,,,,
"(C|X)(..(..)?)?(C|X)(...)?(L|I|V|M|F|Y|W|C|X)(........)?(H|X)(...(..)?)?(H|X)","UNK",5,82,71,,,,
"((L|I|V|M|F|E|Z|X)(F|Y|X)(P|X)(W|X)(M|X)(K|R|Q|Z|T|A|X))","UNK",6,70,64,,,,
"((L|X)(M|X)(A|X)(E|Z|Q|Z|X)(G|X)(L|X)(Y|X)(N|B|X))","UNK",7,56,48,,,,
"((R|X)(P|X)(C|X)(..........)?(C|X)(V|X)(S|X))","UNK",8,46,39,,,,
"(R|K|X)(...?)?(D|B|E|Z|X)(...?)?(Y|X)","UNK",9,45,38,,,,
".(G|X)(R|K|X)(R|K|X)","UNK",10,26,23,,,,
"(S|T|X).(R|K|X)","UNK",11,21,19,,,,
"(.(G|X)(R|K|X)(R|K|X))|((S|T|X).(R|K|X))","UNK","10|11",46,40,42,47,0.893617021276596,0.952380952380952
"((L|X)(M|X)(A|X)(E|Z|Q|Z|X)(G|X)(L|X)(Y|X)(N|B|X))|((R|X)(P|X)(C|X)(..........)?(C|X)(V|X)(S|X))","UNK","7|8",101,85,87,102,0.852941176470588,0.977011494252874
"((R|X)(P|X)(C|X)(..........)?(C|X)(V|X)(S|X))|((R|K|X)(...?)?(D|B|E|Z|X)(...?)?(Y|X))","UNK","8|9",90,75,77,91,0.846153846153846,0.974025974025974
"((L|X)(M|X)(A|X)(E|Z|Q|Z|X)(G|X)(L|X)(Y|X)(N|B|X))|((R|K|X)(...?)?(D|B|E|Z|X)(...?)?(Y|X))","UNK","7|9",100,84,86,101,0.851485148514851,0.976744186046512
"((L|X)(M|X)(A|X)(E|Z|Q|Z|X)(G|X)(L|X)(Y|X)(N|B|X))|((R|X)(P|X)(C|X)(..........)?(C|X)(V|X)(S|X))|((R|K|X)(...?)?(D|B|E|Z|X)(...?)?(Y|X))","UNK","7|8|9",144,121,125,147,0.850340136054422,0.968
"((R|X)(P|X)(C|X)(..........)?(C|X)(V|X)(S|X))|((R|K|X)(...?)?(D|B|E|Z|X)(...?)?(Y|X))|((S|T|X).(R|K|X))","UNK","8|9|11",109,92,96,112,0.857142857142857,0.958333333333333
"((R|K|X)(...?)?(D|B|E|Z|X)(...?)?(Y|X))|(.(G|X)(R|K|X)(R|K|X))|((S|T|X).(R|K|X))","UNK","9|10|11",89,76,80,92,0.869565217391304,0.95
"((C|X)(.....?)?(C|X)(C|X)(S|X)(..)?(G|X).(C|X)(G|X)(....?)?(F|Y|W|X)(C|X))|((C|X)(..(..)?)?(C|X)(...)?(L|I|V|M|F|Y|W|C|X)(........)?(H|X)(...(..)?)?(H|X))|((R|X)(P|X)(C|X)(..........)?(C|X)(V|X)(S|X))","UNK","4|5|8",202,169,173,205,0.84390243902439,0.976878612716763
"((C|X)(.....?)?(C|X)(C|X)(S|X)(..)?(G|X).(C|X)(G|X)(....?)?(F|Y|W|X)(C|X))|((C|X)(..(..)?)?(C|X)(...)?(L|I|V|M|F|Y|W|C|X)(........)?(H|X)(...(..)?)?(H|X))|((R|X)(P|X)(C|X)(..........)?(C|X)(V|X)(S|X))|(.(G|X)(R|K|X)(R|K|X))","UNK","4|5|8|10",226,190,196,231,0.848484848484848,0.969387755102041
"((C|X)(..(..)?)?(C|X)(...)?(L|I|V|M|F|Y|W|C|X)(........)?(H|X)(...(..)?)?(H|X))|((R|K|X)(...?)?(D|B|E|Z|X)(...?)?(Y|X))|(((R|X)(P|X)(C|X)(..........)?(C|X)(V|X)(S|X)))|(((L|X)(M|X)(A|X)(E|Z|Q|Z|X)(G|X)(L|X)(Y|X)(N|B|X)))","UNK","5|9|8|7",224,190,196,229,0.85589519650655,0.969387755102041
"((C|X).(D|B|N|B|X)(....)?(F|Y|X).(C|X).(C|X))|((C|X)(.....?)?(C|X)(C|X)(S|X)(..)?(G|X).(C|X)(G|X)(....?)?(F|Y|W|X)(C|X))|((C|X)(..(..)?)?(C|X)(...)?(L|I|V|M|F|Y|W|C|X)(........)?(H|X)(...(..)?)?(H|X))|(((L|X)(M|X)(A|X)(E|Z|Q|Z|X)(G|X)(L|X)(Y|X)(N|B|X)))","UNK","3|4|5|7",260,220,226,265,0.852830188679245,0.973451327433628
,,,,,,,0.856578006881773,0.967781944581283
