string,MAFSAEDVLKEYDRRRRMEALLLSLYYPNDRKLLDYKEWSPPRVQVECPKAPVEWNNPPSEKGLIVGHFSGIKYKGEKAQASEVDVNKMCCWVSKFKDAMRRYQGIQTCKIPGKVLSDLDAKIKAYNLTVEGVEGFVRYSRVTKQHVAAFLKELRHSKQYENVNLIHYILTDKRVDIQHLEKDLVKDFKALVESAHRMRQGHMINVKYILYQLLKKHGHGPDGPDILTVKTGSKGVLYDDSFRKIYTDLGWKFTPL,,
regex,result,re2copro
(((R|K|X)(R|K|X))?.(S|T|X)),UNK,101
(S|T|X)(..)?(D|B|E|Z|X),UNK,154
(C|X).(D|B|N|B|X)(....)?(F|Y|X).(C|X).(C|X),UNK,3999
(C|X)(.....?)?(C|X)(C|X)(S|X)(..)?(G|X).(C|X)(G|X)(....?)?(F|Y|W|X)(C|X),UNK,3990
(C|X)(..(..)?)?(C|X)(...)?(L|I|V|M|F|Y|W|C|X)(........)?(H|X)(...(..)?)?(H|X),UNK,5079
((L|I|V|M|F|E|Z|X)(F|Y|X)(P|X)(W|X)(M|X)(K|R|Q|Z|T|A|X)),UNK,7410
((L|X)(M|X)(A|X)(E|Z|Q|Z|X)(G|X)(L|X)(Y|X)(N|B|X)),UNK,4003
((R|X)(P|X)(C|X)(..........)?(C|X)(V|X)(S|X)),UNK,3983
(R|K|X)(...?)?(D|B|E|Z|X)(...?)?(Y|X),UNK,238
.(G|X)(R|K|X)(R|K|X),UNK,3991
(S|T|X).(R|K|X),UNK,1088
(.(G|X)(R|K|X)(R|K|X))|((S|T|X).(R|K|X)),UNK,1582
((L|X)(M|X)(A|X)(E|Z|Q|Z|X)(G|X)(L|X)(Y|X)(N|B|X))|((R|X)(P|X)(C|X)(..........)?(C|X)(V|X)(S|X)),UNK,4479
((R|X)(P|X)(C|X)(..........)?(C|X)(V|X)(S|X))|((R|K|X)(...?)?(D|B|E|Z|X)(...?)?(Y|X)),UNK,346
((L|X)(M|X)(A|X)(E|Z|Q|Z|X)(G|X)(L|X)(Y|X)(N|B|X))|((R|K|X)(...?)?(D|B|E|Z|X)(...?)?(Y|X)),UNK,285
((L|X)(M|X)(A|X)(E|Z|Q|Z|X)(G|X)(L|X)(Y|X)(N|B|X))|((R|X)(P|X)(C|X)(..........)?(C|X)(V|X)(S|X))|((R|K|X)(...?)?(D|B|E|Z|X)(...?)?(Y|X)),UNK,333
((R|X)(P|X)(C|X)(..........)?(C|X)(V|X)(S|X))|((R|K|X)(...?)?(D|B|E|Z|X)(...?)?(Y|X))|((S|T|X).(R|K|X)),UNK,354
((R|K|X)(...?)?(D|B|E|Z|X)(...?)?(Y|X))|(.(G|X)(R|K|X)(R|K|X))|((S|T|X).(R|K|X)),UNK,402
((C|X)(.....?)?(C|X)(C|X)(S|X)(..)?(G|X).(C|X)(G|X)(....?)?(F|Y|W|X)(C|X))|((C|X)(..(..)?)?(C|X)(...)?(L|I|V|M|F|Y|W|C|X)(........)?(H|X)(...(..)?)?(H|X))|((R|X)(P|X)(C|X)(..........)?(C|X)(V|X)(S|X)),UNK,5956
((C|X)(.....?)?(C|X)(C|X)(S|X)(..)?(G|X).(C|X)(G|X)(....?)?(F|Y|W|X)(C|X))|((C|X)(..(..)?)?(C|X)(...)?(L|I|V|M|F|Y|W|C|X)(........)?(H|X)(...(..)?)?(H|X))|((R|X)(P|X)(C|X)(..........)?(C|X)(V|X)(S|X))|(.(G|X)(R|K|X)(R|K|X)),UNK,8514
((C|X)(..(..)?)?(C|X)(...)?(L|I|V|M|F|Y|W|C|X)(........)?(H|X)(...(..)?)?(H|X))|((R|K|X)(...?)?(D|B|E|Z|X)(...?)?(Y|X))|(((R|X)(P|X)(C|X)(..........)?(C|X)(V|X)(S|X)))|(((L|X)(M|X)(A|X)(E|Z|Q|Z|X)(G|X)(L|X)(Y|X)(N|B|X))),UNK,327
((C|X).(D|B|N|B|X)(....)?(F|Y|X).(C|X).(C|X))|((C|X)(.....?)?(C|X)(C|X)(S|X)(..)?(G|X).(C|X)(G|X)(....?)?(F|Y|W|X)(C|X))|((C|X)(..(..)?)?(C|X)(...)?(L|I|V|M|F|Y|W|C|X)(........)?(H|X)(...(..)?)?(H|X))|(((L|X)(M|X)(A|X)(E|Z|Q|Z|X)(G|X)(L|X)(Y|X)(N|B|X))),UNK,4443
string,MSIIGATRLQNDKSDTYSAGPCYAGGCSAFTPRGTCGKDWDLGEQTCASGFCTSQPLCARIKKTQVCGLRYSSKGKDPLVSAEWDSRGAPYVRCTYDADLIDTQAQVDQFVSMFGESPSLAERYCMRGVKNTAGELVSRVSSDADPAGGWCRKWYSAHRGPDQDAALGSFCIKNPGAADCKCINRASDPVYQKVKTLHAYPDQCWYVPCAADVGELKMGTQRDTPTNCPTQVCQIVFNMLDDGSVTMDDVKNTINCDFSKYVPPPPPPKPTPPTPPTPPTPPTPPTPPTPPTPRPVHNRKVMFFVAGAVLVAILISTVRW,,
regex,result,re2copro
(((R|K|X)(R|K|X))?.(S|T|X)),UNK,59
(S|T|X)(..)?(D|B|E|Z|X),UNK,309
(C|X).(D|B|N|B|X)(....)?(F|Y|X).(C|X).(C|X),UNK,5053
(C|X)(.....?)?(C|X)(C|X)(S|X)(..)?(G|X).(C|X)(G|X)(....?)?(F|Y|W|X)(C|X),UNK,5092
(C|X)(..(..)?)?(C|X)(...)?(L|I|V|M|F|Y|W|C|X)(........)?(H|X)(...(..)?)?(H|X),UNK,6483
((L|I|V|M|F|E|Z|X)(F|Y|X)(P|X)(W|X)(M|X)(K|R|Q|Z|T|A|X)),UNK,9200
((L|X)(M|X)(A|X)(E|Z|Q|Z|X)(G|X)(L|X)(Y|X)(N|B|X)),UNK,4949
((R|X)(P|X)(C|X)(..........)?(C|X)(V|X)(S|X)),UNK,4959
(R|K|X)(...?)?(D|B|E|Z|X)(...?)?(Y|X),UNK,3682
.(G|X)(R|K|X)(R|K|X),UNK,4973
(S|T|X).(R|K|X),UNK,598
(.(G|X)(R|K|X)(R|K|X))|((S|T|X).(R|K|X)),UNK,866
((L|X)(M|X)(A|X)(E|Z|Q|Z|X)(G|X)(L|X)(Y|X)(N|B|X))|((R|X)(P|X)(C|X)(..........)?(C|X)(V|X)(S|X)),UNK,5578
((R|X)(P|X)(C|X)(..........)?(C|X)(V|X)(S|X))|((R|K|X)(...?)?(D|B|E|Z|X)(...?)?(Y|X)),UNK,5136
((L|X)(M|X)(A|X)(E|Z|Q|Z|X)(G|X)(L|X)(Y|X)(N|B|X))|((R|K|X)(...?)?(D|B|E|Z|X)(...?)?(Y|X)),UNK,4122
((L|X)(M|X)(A|X)(E|Z|Q|Z|X)(G|X)(L|X)(Y|X)(N|B|X))|((R|X)(P|X)(C|X)(..........)?(C|X)(V|X)(S|X))|((R|K|X)(...?)?(D|B|E|Z|X)(...?)?(Y|X)),UNK,5173
((R|X)(P|X)(C|X)(..........)?(C|X)(V|X)(S|X))|((R|K|X)(...?)?(D|B|E|Z|X)(...?)?(Y|X))|((S|T|X).(R|K|X)),UNK,984
((R|K|X)(...?)?(D|B|E|Z|X)(...?)?(Y|X))|(.(G|X)(R|K|X)(R|K|X))|((S|T|X).(R|K|X)),UNK,1111
((C|X)(.....?)?(C|X)(C|X)(S|X)(..)?(G|X).(C|X)(G|X)(....?)?(F|Y|W|X)(C|X))|((C|X)(..(..)?)?(C|X)(...)?(L|I|V|M|F|Y|W|C|X)(........)?(H|X)(...(..)?)?(H|X))|((R|X)(P|X)(C|X)(..........)?(C|X)(V|X)(S|X)),UNK,7865
((C|X)(.....?)?(C|X)(C|X)(S|X)(..)?(G|X).(C|X)(G|X)(....?)?(F|Y|W|X)(C|X))|((C|X)(..(..)?)?(C|X)(...)?(L|I|V|M|F|Y|W|C|X)(........)?(H|X)(...(..)?)?(H|X))|((R|X)(P|X)(C|X)(..........)?(C|X)(V|X)(S|X))|(.(G|X)(R|K|X)(R|K|X)),UNK,10900
((C|X)(..(..)?)?(C|X)(...)?(L|I|V|M|F|Y|W|C|X)(........)?(H|X)(...(..)?)?(H|X))|((R|K|X)(...?)?(D|B|E|Z|X)(...?)?(Y|X))|(((R|X)(P|X)(C|X)(..........)?(C|X)(V|X)(S|X)))|(((L|X)(M|X)(A|X)(E|Z|Q|Z|X)(G|X)(L|X)(Y|X)(N|B|X))),UNK,5043
((C|X).(D|B|N|B|X)(....)?(F|Y|X).(C|X).(C|X))|((C|X)(.....?)?(C|X)(C|X)(S|X)(..)?(G|X).(C|X)(G|X)(....?)?(F|Y|W|X)(C|X))|((C|X)(..(..)?)?(C|X)(...)?(L|I|V|M|F|Y|W|C|X)(........)?(H|X)(...(..)?)?(H|X))|(((L|X)(M|X)(A|X)(E|Z|Q|Z|X)(G|X)(L|X)(Y|X)(N|B|X))),UNK,6070
string,MASNTVSAQGGSNRPVRDFSNIQDVAQFLLFDPIWNEQPGSIVPWKMNREQALAERYPELQTSEPSEDYSGPVESLELLPLEIKLDIMQYLSWEQISWCKHPWLWTRWYKDNVVRVSAITFEDFQREYAFPEKIQEIHFTDTRAEEIKAILETTPNVTRLVIRRIDDMNYNTHGDLGLDDLEFLTHLMVEDACGFTDFWAPSLTHLTIKNLDMHPRWFGPVMDGIKSMQSTLKYLYIFETYGVNKPFVQWCTDNIETFYCTNSYRYENVPRPIYVWVLFQEDEWHGYRVEDNKFHRRYMYSTILHKRDTDWVENNPLKTPAQVEMYKFLLRISQLNRDGTGYESDSDPENEHFDDESFSSGEEDSSDEDDPTWAPDSDDSDWETETEEEPSVAARILEKGKLTITNLMKSLGFKPKPKKIQSIDRYFCSLDSNYNSEDEDFEYDSDSEDDDSDSEDDC,,
regex,result,re2copro
(((R|K|X)(R|K|X))?.(S|T|X)),UNK,80
(S|T|X)(..)?(D|B|E|Z|X),UNK,1198
(C|X).(D|B|N|B|X)(....)?(F|Y|X).(C|X).(C|X),UNK,7047
(C|X)(.....?)?(C|X)(C|X)(S|X)(..)?(G|X).(C|X)(G|X)(....?)?(F|Y|W|X)(C|X),UNK,7035
(C|X)(..(..)?)?(C|X)(...)?(L|I|V|M|F|Y|W|C|X)(........)?(H|X)(...(..)?)?(H|X),UNK,8872
((L|I|V|M|F|E|Z|X)(F|Y|X)(P|X)(W|X)(M|X)(K|R|Q|Z|T|A|X)),UNK,13104
((L|X)(M|X)(A|X)(E|Z|Q|Z|X)(G|X)(L|X)(Y|X)(N|B|X)),UNK,7054
((R|X)(P|X)(C|X)(..........)?(C|X)(V|X)(S|X)),UNK,7030
(R|K|X)(...?)?(D|B|E|Z|X)(...?)?(Y|X),UNK,2432
.(G|X)(R|K|X)(R|K|X),UNK,7013
(S|T|X).(R|K|X),UNK,254
(.(G|X)(R|K|X)(R|K|X))|((S|T|X).(R|K|X)),UNK,377
((L|X)(M|X)(A|X)(E|Z|Q|Z|X)(G|X)(L|X)(Y|X)(N|B|X))|((R|X)(P|X)(C|X)(..........)?(C|X)(V|X)(S|X)),UNK,7913
((R|X)(P|X)(C|X)(..........)?(C|X)(V|X)(S|X))|((R|K|X)(...?)?(D|B|E|Z|X)(...?)?(Y|X)),UNK,3450
((L|X)(M|X)(A|X)(E|Z|Q|Z|X)(G|X)(L|X)(Y|X)(N|B|X))|((R|K|X)(...?)?(D|B|E|Z|X)(...?)?(Y|X)),UNK,2810
((L|X)(M|X)(A|X)(E|Z|Q|Z|X)(G|X)(L|X)(Y|X)(N|B|X))|((R|X)(P|X)(C|X)(..........)?(C|X)(V|X)(S|X))|((R|K|X)(...?)?(D|B|E|Z|X)(...?)?(Y|X)),UNK,3447
((R|X)(P|X)(C|X)(..........)?(C|X)(V|X)(S|X))|((R|K|X)(...?)?(D|B|E|Z|X)(...?)?(Y|X))|((S|T|X).(R|K|X)),UNK,394
((R|K|X)(...?)?(D|B|E|Z|X)(...?)?(Y|X))|(.(G|X)(R|K|X)(R|K|X))|((S|T|X).(R|K|X)),UNK,484
((C|X)(.....?)?(C|X)(C|X)(S|X)(..)?(G|X).(C|X)(G|X)(....?)?(F|Y|W|X)(C|X))|((C|X)(..(..)?)?(C|X)(...)?(L|I|V|M|F|Y|W|C|X)(........)?(H|X)(...(..)?)?(H|X))|((R|X)(P|X)(C|X)(..........)?(C|X)(V|X)(S|X)),UNK,10448
((C|X)(.....?)?(C|X)(C|X)(S|X)(..)?(G|X).(C|X)(G|X)(....?)?(F|Y|W|X)(C|X))|((C|X)(..(..)?)?(C|X)(...)?(L|I|V|M|F|Y|W|C|X)(........)?(H|X)(...(..)?)?(H|X))|((R|X)(P|X)(C|X)(..........)?(C|X)(V|X)(S|X))|(.(G|X)(R|K|X)(R|K|X)),UNK,14991
((C|X)(..(..)?)?(C|X)(...)?(L|I|V|M|F|Y|W|C|X)(........)?(H|X)(...(..)?)?(H|X))|((R|K|X)(...?)?(D|B|E|Z|X)(...?)?(Y|X))|(((R|X)(P|X)(C|X)(..........)?(C|X)(V|X)(S|X)))|(((L|X)(M|X)(A|X)(E|Z|Q|Z|X)(G|X)(L|X)(Y|X)(N|B|X))),UNK,3280
((C|X).(D|B|N|B|X)(....)?(F|Y|X).(C|X).(C|X))|((C|X)(.....?)?(C|X)(C|X)(S|X)(..)?(G|X).(C|X)(G|X)(....?)?(F|Y|W|X)(C|X))|((C|X)(..(..)?)?(C|X)(...)?(L|I|V|M|F|Y|W|C|X)(........)?(H|X)(...(..)?)?(H|X))|(((L|X)(M|X)(A|X)(E|Z|Q|Z|X)(G|X)(L|X)(Y|X)(N|B|X))),UNK,7776
string,MYQAINPCPQSWYGSPQLEREIVCKMSGAPHYPNYYPVHPNALGGAWFDTSLNARSLTTTPSLTTCTPPSLAACTPPTSLGMVDSPPHINPPRRIGTLCFDFGSAKSPQRCECVASDRPSTTSNTAPDTYRLLITNSKTRKNNYGTCRLEPLTYGI,,
regex,result,re2copro
(((R|K|X)(R|K|X))?.(S|T|X)),UNK,249
(S|T|X)(..)?(D|B|E|Z|X),UNK,2254
(C|X).(D|B|N|B|X)(....)?(F|Y|X).(C|X).(C|X),UNK,2512
(C|X)(.....?)?(C|X)(C|X)(S|X)(..)?(G|X).(C|X)(G|X)(....?)?(F|Y|W|X)(C|X),UNK,2520
(C|X)(..(..)?)?(C|X)(...)?(L|I|V|M|F|Y|W|C|X)(........)?(H|X)(...(..)?)?(H|X),UNK,3161
((L|I|V|M|F|E|Z|X)(F|Y|X)(P|X)(W|X)(M|X)(K|R|Q|Z|T|A|X)),UNK,4575
((L|X)(M|X)(A|X)(E|Z|Q|Z|X)(G|X)(L|X)(Y|X)(N|B|X)),UNK,2465
((R|X)(P|X)(C|X)(..........)?(C|X)(V|X)(S|X)),UNK,2465
(R|K|X)(...?)?(D|B|E|Z|X)(...?)?(Y|X),UNK,2976
.(G|X)(R|K|X)(R|K|X),UNK,2457
(S|T|X).(R|K|X),UNK,1895
(.(G|X)(R|K|X)(R|K|X))|((S|T|X).(R|K|X)),UNK,2727
((L|X)(M|X)(A|X)(E|Z|Q|Z|X)(G|X)(L|X)(Y|X)(N|B|X))|((R|X)(P|X)(C|X)(..........)?(C|X)(V|X)(S|X)),UNK,2770
((R|X)(P|X)(C|X)(..........)?(C|X)(V|X)(S|X))|((R|K|X)(...?)?(D|B|E|Z|X)(...?)?(Y|X)),UNK,4297
((L|X)(M|X)(A|X)(E|Z|Q|Z|X)(G|X)(L|X)(Y|X)(N|B|X))|((R|K|X)(...?)?(D|B|E|Z|X)(...?)?(Y|X)),UNK,3370
((L|X)(M|X)(A|X)(E|Z|Q|Z|X)(G|X)(L|X)(Y|X)(N|B|X))|((R|X)(P|X)(C|X)(..........)?(C|X)(V|X)(S|X))|((R|K|X)(...?)?(D|B|E|Z|X)(...?)?(Y|X)),UNK,4299
((R|X)(P|X)(C|X)(..........)?(C|X)(V|X)(S|X))|((R|K|X)(...?)?(D|B|E|Z|X)(...?)?(Y|X))|((S|T|X).(R|K|X)),UNK,2963
((R|K|X)(...?)?(D|B|E|Z|X)(...?)?(Y|X))|(.(G|X)(R|K|X)(R|K|X))|((S|T|X).(R|K|X)),UNK,3538
((C|X)(.....?)?(C|X)(C|X)(S|X)(..)?(G|X).(C|X)(G|X)(....?)?(F|Y|W|X)(C|X))|((C|X)(..(..)?)?(C|X)(...)?(L|I|V|M|F|Y|W|C|X)(........)?(H|X)(...(..)?)?(H|X))|((R|X)(P|X)(C|X)(..........)?(C|X)(V|X)(S|X)),UNK,3838
((C|X)(.....?)?(C|X)(C|X)(S|X)(..)?(G|X).(C|X)(G|X)(....?)?(F|Y|W|X)(C|X))|((C|X)(..(..)?)?(C|X)(...)?(L|I|V|M|F|Y|W|C|X)(........)?(H|X)(...(..)?)?(H|X))|((R|X)(P|X)(C|X)(..........)?(C|X)(V|X)(S|X))|(.(G|X)(R|K|X)(R|K|X)),UNK,5360
((C|X)(..(..)?)?(C|X)(...)?(L|I|V|M|F|Y|W|C|X)(........)?(H|X)(...(..)?)?(H|X))|((R|K|X)(...?)?(D|B|E|Z|X)(...?)?(Y|X))|(((R|X)(P|X)(C|X)(..........)?(C|X)(V|X)(S|X)))|(((L|X)(M|X)(A|X)(E|Z|Q|Z|X)(G|X)(L|X)(Y|X)(N|B|X))),UNK,4103
((C|X).(D|B|N|B|X)(....)?(F|Y|X).(C|X).(C|X))|((C|X)(.....?)?(C|X)(C|X)(S|X)(..)?(G|X).(C|X)(G|X)(....?)?(F|Y|W|X)(C|X))|((C|X)(..(..)?)?(C|X)(...)?(L|I|V|M|F|Y|W|C|X)(........)?(H|X)(...(..)?)?(H|X))|(((L|X)(M|X)(A|X)(E|Z|Q|Z|X)(G|X)(L|X)(Y|X)(N|B|X))),UNK,2936
string,MARPLLGKTSSVRRRLESLSACSIFFFLRKFCQKMASLVFLNSPVYQMSNILLTERRQVDRAMGGSDDDGVMVVALSPSDFKTVLGSALLAVERDMVHVVPKYLQTPGILHDMLVLLTPIFGEALSVDMSGATDVMVQQIATAGFVDVDPLHSSVSWKDNVSCPVALLAVSNAVRTMMGQPCQVTLIIDVGTQNILRDLVNLPVEMSGDLQVMAYTKDPLGKVPAVGVSVFDSGSVQKGDAHSVGAPDGLVSFHTHPVSSAVELNYHAGWPSNVDMSSLLTMKNLMHVVVAEEGLWTMARTLSMQRLTKVLTDAEKDVMRAAAFNLFLPLNELRVMGTKDSNNKSLKTYFEVFETFTIGALMKHSGVTPTAFVDRRWLDNTIYHMGFIPWGRDMRFVVEYDLDGTNPFLNTVPTLMSVKRKAKIQEMFDNMVSRMVTS,,
regex,result,re2copro
(((R|K|X)(R|K|X))?.(S|T|X)),UNK,217
(S|T|X)(..)?(D|B|E|Z|X),UNK,1058
(C|X).(D|B|N|B|X)(....)?(F|Y|X).(C|X).(C|X),UNK,6714
(C|X)(.....?)?(C|X)(C|X)(S|X)(..)?(G|X).(C|X)(G|X)(....?)?(F|Y|W|X)(C|X),UNK,6717
(C|X)(..(..)?)?(C|X)(...)?(L|I|V|M|F|Y|W|C|X)(........)?(H|X)(...(..)?)?(H|X),UNK,8480
((L|I|V|M|F|E|Z|X)(F|Y|X)(P|X)(W|X)(M|X)(K|R|Q|Z|T|A|X)),UNK,12529
((L|X)(M|X)(A|X)(E|Z|Q|Z|X)(G|X)(L|X)(Y|X)(N|B|X)),UNK,6780
((R|X)(P|X)(C|X)(..........)?(C|X)(V|X)(S|X)),UNK,6724
(R|K|X)(...?)?(D|B|E|Z|X)(...?)?(Y|X),UNK,7161
.(G|X)(R|K|X)(R|K|X),UNK,6737
(S|T|X).(R|K|X),UNK,247
(.(G|X)(R|K|X)(R|K|X))|((S|T|X).(R|K|X)),UNK,357
((L|X)(M|X)(A|X)(E|Z|Q|Z|X)(G|X)(L|X)(Y|X)(N|B|X))|((R|X)(P|X)(C|X)(..........)?(C|X)(V|X)(S|X)),UNK,7578
((R|X)(P|X)(C|X)(..........)?(C|X)(V|X)(S|X))|((R|K|X)(...?)?(D|B|E|Z|X)(...?)?(Y|X)),UNK,10187
((L|X)(M|X)(A|X)(E|Z|Q|Z|X)(G|X)(L|X)(Y|X)(N|B|X))|((R|K|X)(...?)?(D|B|E|Z|X)(...?)?(Y|X)),UNK,8176
((L|X)(M|X)(A|X)(E|Z|Q|Z|X)(G|X)(L|X)(Y|X)(N|B|X))|((R|X)(P|X)(C|X)(..........)?(C|X)(V|X)(S|X))|((R|K|X)(...?)?(D|B|E|Z|X)(...?)?(Y|X)),UNK,10209
((R|X)(P|X)(C|X)(..........)?(C|X)(V|X)(S|X))|((R|K|X)(...?)?(D|B|E|Z|X)(...?)?(Y|X))|((S|T|X).(R|K|X)),UNK,405
((R|K|X)(...?)?(D|B|E|Z|X)(...?)?(Y|X))|(.(G|X)(R|K|X)(R|K|X))|((S|T|X).(R|K|X)),UNK,468
((C|X)(.....?)?(C|X)(C|X)(S|X)(..)?(G|X).(C|X)(G|X)(....?)?(F|Y|W|X)(C|X))|((C|X)(..(..)?)?(C|X)(...)?(L|I|V|M|F|Y|W|C|X)(........)?(H|X)(...(..)?)?(H|X))|((R|X)(P|X)(C|X)(..........)?(C|X)(V|X)(S|X)),UNK,9945
((C|X)(.....?)?(C|X)(C|X)(S|X)(..)?(G|X).(C|X)(G|X)(....?)?(F|Y|W|X)(C|X))|((C|X)(..(..)?)?(C|X)(...)?(L|I|V|M|F|Y|W|C|X)(........)?(H|X)(...(..)?)?(H|X))|((R|X)(P|X)(C|X)(..........)?(C|X)(V|X)(S|X))|(.(G|X)(R|K|X)(R|K|X)),UNK,14314
((C|X)(..(..)?)?(C|X)(...)?(L|I|V|M|F|Y|W|C|X)(........)?(H|X)(...(..)?)?(H|X))|((R|K|X)(...?)?(D|B|E|Z|X)(...?)?(Y|X))|(((R|X)(P|X)(C|X)(..........)?(C|X)(V|X)(S|X)))|(((L|X)(M|X)(A|X)(E|Z|Q|Z|X)(G|X)(L|X)(Y|X)(N|B|X))),UNK,9724
((C|X).(D|B|N|B|X)(....)?(F|Y|X).(C|X).(C|X))|((C|X)(.....?)?(C|X)(C|X)(S|X)(..)?(G|X).(C|X)(G|X)(....?)?(F|Y|W|X)(C|X))|((C|X)(..(..)?)?(C|X)(...)?(L|I|V|M|F|Y|W|C|X)(........)?(H|X)(...(..)?)?(H|X))|(((L|X)(M|X)(A|X)(E|Z|Q|Z|X)(G|X)(L|X)(Y|X)(N|B|X))),UNK,7398
string,MNAKYDTDQGVGRMLFLGTIGLAVVVGGLMAYGYYYDGKTPSSGTSFHTASPSFSSRYRY,,
regex,result,re2copro
(((R|K|X)(R|K|X))?.(S|T|X)),UNK,173
(S|T|X)(..)?(D|B|E|Z|X),UNK,166
(C|X).(D|B|N|B|X)(....)?(F|Y|X).(C|X).(C|X),UNK,989
(C|X)(.....?)?(C|X)(C|X)(S|X)(..)?(G|X).(C|X)(G|X)(....?)?(F|Y|W|X)(C|X),UNK,989
(C|X)(..(..)?)?(C|X)(...)?(L|I|V|M|F|Y|W|C|X)(........)?(H|X)(...(..)?)?(H|X),UNK,1245
((L|I|V|M|F|E|Z|X)(F|Y|X)(P|X)(W|X)(M|X)(K|R|Q|Z|T|A|X)),UNK,1863
((L|X)(M|X)(A|X)(E|Z|Q|Z|X)(G|X)(L|X)(Y|X)(N|B|X)),UNK,1014
((R|X)(P|X)(C|X)(..........)?(C|X)(V|X)(S|X)),UNK,995
(R|K|X)(...?)?(D|B|E|Z|X)(...?)?(Y|X),UNK,1205
.(G|X)(R|K|X)(R|K|X),UNK,1014
(S|T|X).(R|K|X),UNK,1025
(.(G|X)(R|K|X)(R|K|X))|((S|T|X).(R|K|X)),UNK,1493
((L|X)(M|X)(A|X)(E|Z|Q|Z|X)(G|X)(L|X)(Y|X)(N|B|X))|((R|X)(P|X)(C|X)(..........)?(C|X)(V|X)(S|X)),UNK,1134
((R|X)(P|X)(C|X)(..........)?(C|X)(V|X)(S|X))|((R|K|X)(...?)?(D|B|E|Z|X)(...?)?(Y|X)),UNK,1736
((L|X)(M|X)(A|X)(E|Z|Q|Z|X)(G|X)(L|X)(Y|X)(N|B|X))|((R|K|X)(...?)?(D|B|E|Z|X)(...?)?(Y|X)),UNK,1390
((L|X)(M|X)(A|X)(E|Z|Q|Z|X)(G|X)(L|X)(Y|X)(N|B|X))|((R|X)(P|X)(C|X)(..........)?(C|X)(V|X)(S|X))|((R|K|X)(...?)?(D|B|E|Z|X)(...?)?(Y|X)),UNK,1770
((R|X)(P|X)(C|X)(..........)?(C|X)(V|X)(S|X))|((R|K|X)(...?)?(D|B|E|Z|X)(...?)?(Y|X))|((S|T|X).(R|K|X)),UNK,1605
((R|K|X)(...?)?(D|B|E|Z|X)(...?)?(Y|X))|(.(G|X)(R|K|X)(R|K|X))|((S|T|X).(R|K|X)),UNK,1954
((C|X)(.....?)?(C|X)(C|X)(S|X)(..)?(G|X).(C|X)(G|X)(....?)?(F|Y|W|X)(C|X))|((C|X)(..(..)?)?(C|X)(...)?(L|I|V|M|F|Y|W|C|X)(........)?(H|X)(...(..)?)?(H|X))|((R|X)(P|X)(C|X)(..........)?(C|X)(V|X)(S|X)),UNK,1456
((C|X)(.....?)?(C|X)(C|X)(S|X)(..)?(G|X).(C|X)(G|X)(....?)?(F|Y|W|X)(C|X))|((C|X)(..(..)?)?(C|X)(...)?(L|I|V|M|F|Y|W|C|X)(........)?(H|X)(...(..)?)?(H|X))|((R|X)(P|X)(C|X)(..........)?(C|X)(V|X)(S|X))|(.(G|X)(R|K|X)(R|K|X)),UNK,2107
((C|X)(..(..)?)?(C|X)(...)?(L|I|V|M|F|Y|W|C|X)(........)?(H|X)(...(..)?)?(H|X))|((R|K|X)(...?)?(D|B|E|Z|X)(...?)?(Y|X))|(((R|X)(P|X)(C|X)(..........)?(C|X)(V|X)(S|X)))|(((L|X)(M|X)(A|X)(E|Z|Q|Z|X)(G|X)(L|X)(Y|X)(N|B|X))),UNK,1672
((C|X).(D|B|N|B|X)(....)?(F|Y|X).(C|X).(C|X))|((C|X)(.....?)?(C|X)(C|X)(S|X)(..)?(G|X).(C|X)(G|X)(....?)?(F|Y|W|X)(C|X))|((C|X)(..(..)?)?(C|X)(...)?(L|I|V|M|F|Y|W|C|X)(........)?(H|X)(...(..)?)?(H|X))|(((L|X)(M|X)(A|X)(E|Z|Q|Z|X)(G|X)(L|X)(Y|X)(N|B|X))),UNK,1077
string,MRYTVLIALQGALLLLLLIDDGQGQSPYPYPGMPCNSSRQCGLGTCVHSRCAHCSSDGTLCSPEDPTMVWPCCPESSCQLVVGLPSLVNHYNCLPNQCTDSSQCPGGFGCMTRRSKCELCKADGEACNSPYLDWRKDKECCSGYCHTEARGLEGVCIDPKKIFCTPKNPWQLAPYPPSYHQPTTLRPPTSLYDSWLMSGFLVKSTTAPSTQEEEDDY,,
regex,result,re2copro
(((R|K|X)(R|K|X))?.(S|T|X)),UNK,106
(S|T|X)(..)?(D|B|E|Z|X),UNK,1083
(C|X).(D|B|N|B|X)(....)?(F|Y|X).(C|X).(C|X),UNK,3506
(C|X)(.....?)?(C|X)(C|X)(S|X)(..)?(G|X).(C|X)(G|X)(....?)?(F|Y|W|X)(C|X),UNK,3544
(C|X)(..(..)?)?(C|X)(...)?(L|I|V|M|F|Y|W|C|X)(........)?(H|X)(...(..)?)?(H|X),UNK,4565
((L|I|V|M|F|E|Z|X)(F|Y|X)(P|X)(W|X)(M|X)(K|R|Q|Z|T|A|X)),UNK,6280
((L|X)(M|X)(A|X)(E|Z|Q|Z|X)(G|X)(L|X)(Y|X)(N|B|X)),UNK,3398
((R|X)(P|X)(C|X)(..........)?(C|X)(V|X)(S|X)),UNK,3370
(R|K|X)(...?)?(D|B|E|Z|X)(...?)?(Y|X),UNK,4072
.(G|X)(R|K|X)(R|K|X),UNK,3379
(S|T|X).(R|K|X),UNK,687
(.(G|X)(R|K|X)(R|K|X))|((S|T|X).(R|K|X)),UNK,1007
((L|X)(M|X)(A|X)(E|Z|Q|Z|X)(G|X)(L|X)(Y|X)(N|B|X))|((R|X)(P|X)(C|X)(..........)?(C|X)(V|X)(S|X)),UNK,3801
((R|X)(P|X)(C|X)(..........)?(C|X)(V|X)(S|X))|((R|K|X)(...?)?(D|B|E|Z|X)(...?)?(Y|X)),UNK,5879
((L|X)(M|X)(A|X)(E|Z|Q|Z|X)(G|X)(L|X)(Y|X)(N|B|X))|((R|K|X)(...?)?(D|B|E|Z|X)(...?)?(Y|X)),UNK,4653
((L|X)(M|X)(A|X)(E|Z|Q|Z|X)(G|X)(L|X)(Y|X)(N|B|X))|((R|X)(P|X)(C|X)(..........)?(C|X)(V|X)(S|X))|((R|K|X)(...?)?(D|B|E|Z|X)(...?)?(Y|X)),UNK,5917
((R|X)(P|X)(C|X)(..........)?(C|X)(V|X)(S|X))|((R|K|X)(...?)?(D|B|E|Z|X)(...?)?(Y|X))|((S|T|X).(R|K|X)),UNK,1078
((R|K|X)(...?)?(D|B|E|Z|X)(...?)?(Y|X))|(.(G|X)(R|K|X)(R|K|X))|((S|T|X).(R|K|X)),UNK,1301
((C|X)(.....?)?(C|X)(C|X)(S|X)(..)?(G|X).(C|X)(G|X)(....?)?(F|Y|W|X)(C|X))|((C|X)(..(..)?)?(C|X)(...)?(L|I|V|M|F|Y|W|C|X)(........)?(H|X)(...(..)?)?(H|X))|((R|X)(P|X)(C|X)(..........)?(C|X)(V|X)(S|X)),UNK,5658
((C|X)(.....?)?(C|X)(C|X)(S|X)(..)?(G|X).(C|X)(G|X)(....?)?(F|Y|W|X)(C|X))|((C|X)(..(..)?)?(C|X)(...)?(L|I|V|M|F|Y|W|C|X)(........)?(H|X)(...(..)?)?(H|X))|((R|X)(P|X)(C|X)(..........)?(C|X)(V|X)(S|X))|(.(G|X)(R|K|X)(R|K|X)),UNK,7733
((C|X)(..(..)?)?(C|X)(...)?(L|I|V|M|F|Y|W|C|X)(........)?(H|X)(...(..)?)?(H|X))|((R|K|X)(...?)?(D|B|E|Z|X)(...?)?(Y|X))|(((R|X)(P|X)(C|X)(..........)?(C|X)(V|X)(S|X)))|(((L|X)(M|X)(A|X)(E|Z|Q|Z|X)(G|X)(L|X)(Y|X)(N|B|X))),UNK,5896
((C|X).(D|B|N|B|X)(....)?(F|Y|X).(C|X).(C|X))|((C|X)(.....?)?(C|X)(C|X)(S|X)(..)?(G|X).(C|X)(G|X)(....?)?(F|Y|W|X)(C|X))|((C|X)(..(..)?)?(C|X)(...)?(L|I|V|M|F|Y|W|C|X)(........)?(H|X)(...(..)?)?(H|X))|(((L|X)(M|X)(A|X)(E|Z|Q|Z|X)(G|X)(L|X)(Y|X)(N|B|X))),UNK,4616
string,MQNPLPEVMSPEHDKRTTTPMSKEANKFIRELDKKPGDLAVVSDFVKRNTGKRLPIGKRSNLYVRICDLSGTIYMGETFILESWEELYLPEPTKMEVLGTLESCCGIPPFPEWIVMVGEDQCVYAYGDEEILLFAYSVKQLVEEGIQETGISYKYPDDISDVDEEVLQQDEEIQKIRKKTREFVDKDAQEFQDFLNSLDASLLS,,
regex,result,re2copro
(((R|K|X)(R|K|X))?.(S|T|X)),UNK,228
(S|T|X)(..)?(D|B|E|Z|X),UNK,832
(C|X).(D|B|N|B|X)(....)?(F|Y|X).(C|X).(C|X),UNK,3213
(C|X)(.....?)?(C|X)(C|X)(S|X)(..)?(G|X).(C|X)(G|X)(....?)?(F|Y|W|X)(C|X),UNK,3204
(C|X)(..(..)?)?(C|X)(...)?(L|I|V|M|F|Y|W|C|X)(........)?(H|X)(...(..)?)?(H|X),UNK,4085
((L|I|V|M|F|E|Z|X)(F|Y|X)(P|X)(W|X)(M|X)(K|R|Q|Z|T|A|X)),UNK,5955
((L|X)(M|X)(A|X)(E|Z|Q|Z|X)(G|X)(L|X)(Y|X)(N|B|X)),UNK,3205
((R|X)(P|X)(C|X)(..........)?(C|X)(V|X)(S|X)),UNK,3183
(R|K|X)(...?)?(D|B|E|Z|X)(...?)?(Y|X),UNK,4051
.(G|X)(R|K|X)(R|K|X),UNK,819
(S|T|X).(R|K|X),UNK,931
(.(G|X)(R|K|X)(R|K|X))|((S|T|X).(R|K|X)),UNK,1341
((L|X)(M|X)(A|X)(E|Z|Q|Z|X)(G|X)(L|X)(Y|X)(N|B|X))|((R|X)(P|X)(C|X)(..........)?(C|X)(V|X)(S|X)),UNK,3588
((R|X)(P|X)(C|X)(..........)?(C|X)(V|X)(S|X))|((R|K|X)(...?)?(D|B|E|Z|X)(...?)?(Y|X)),UNK,5623
((L|X)(M|X)(A|X)(E|Z|Q|Z|X)(G|X)(L|X)(Y|X)(N|B|X))|((R|K|X)(...?)?(D|B|E|Z|X)(...?)?(Y|X)),UNK,4602
((L|X)(M|X)(A|X)(E|Z|Q|Z|X)(G|X)(L|X)(Y|X)(N|B|X))|((R|X)(P|X)(C|X)(..........)?(C|X)(V|X)(S|X))|((R|K|X)(...?)?(D|B|E|Z|X)(...?)?(Y|X)),UNK,5654
((R|X)(P|X)(C|X)(..........)?(C|X)(V|X)(S|X))|((R|K|X)(...?)?(D|B|E|Z|X)(...?)?(Y|X))|((S|T|X).(R|K|X)),UNK,1544
((R|K|X)(...?)?(D|B|E|Z|X)(...?)?(Y|X))|(.(G|X)(R|K|X)(R|K|X))|((S|T|X).(R|K|X)),UNK,1829
((C|X)(.....?)?(C|X)(C|X)(S|X)(..)?(G|X).(C|X)(G|X)(....?)?(F|Y|W|X)(C|X))|((C|X)(..(..)?)?(C|X)(...)?(L|I|V|M|F|Y|W|C|X)(........)?(H|X)(...(..)?)?(H|X))|((R|X)(P|X)(C|X)(..........)?(C|X)(V|X)(S|X)),UNK,4824
((C|X)(.....?)?(C|X)(C|X)(S|X)(..)?(G|X).(C|X)(G|X)(....?)?(F|Y|W|X)(C|X))|((C|X)(..(..)?)?(C|X)(...)?(L|I|V|M|F|Y|W|C|X)(........)?(H|X)(...(..)?)?(H|X))|((R|X)(P|X)(C|X)(..........)?(C|X)(V|X)(S|X))|(.(G|X)(R|K|X)(R|K|X)),UNK,1729
((C|X)(..(..)?)?(C|X)(...)?(L|I|V|M|F|Y|W|C|X)(........)?(H|X)(...(..)?)?(H|X))|((R|K|X)(...?)?(D|B|E|Z|X)(...?)?(Y|X))|(((R|X)(P|X)(C|X)(..........)?(C|X)(V|X)(S|X)))|(((L|X)(M|X)(A|X)(E|Z|Q|Z|X)(G|X)(L|X)(Y|X)(N|B|X))),UNK,5405
((C|X).(D|B|N|B|X)(....)?(F|Y|X).(C|X).(C|X))|((C|X)(.....?)?(C|X)(C|X)(S|X)(..)?(G|X).(C|X)(G|X)(....?)?(F|Y|W|X)(C|X))|((C|X)(..(..)?)?(C|X)(...)?(L|I|V|M|F|Y|W|C|X)(........)?(H|X)(...(..)?)?(H|X))|(((L|X)(M|X)(A|X)(E|Z|Q|Z|X)(G|X)(L|X)(Y|X)(N|B|X))),UNK,3594
string,MDSLNEVCYEQIKGTFYKGLFGDFPLIVDKKTGCFNATKLCVLGGKRFVDWNKTLRSKKLIQYYETRCDIKTESLLYEIKGDNNDEITKQITGTYLPKEFILDIASWISVEFYDKCNNIIINYFVNEYKTMDKKTLQSKINEVEEKMQKLLNEKEEELQEKNDKIDELILFSKRMEEDRKKDREMMIKQEKMLRELGIHLEDVSSQNNELIEKVDEQVEQNAVLNFKIDNIQNKLEIAVEDRAPQPKQNLKRERFILLKRNDDYYPYYTIRAQDINARSALKRQKNLYNEVSVLLDLTCHPNSKTLYVRVKDELKQKGVVFNLCKVSISNSKINEEELIKAMETINDEKRDV,,
regex,result,re2copro
(((R|K|X)(R|K|X))?.(S|T|X)),UNK,80
(S|T|X)(..)?(D|B|E|Z|X),UNK,131
(C|X).(D|B|N|B|X)(....)?(F|Y|X).(C|X).(C|X),UNK,5482
(C|X)(.....?)?(C|X)(C|X)(S|X)(..)?(G|X).(C|X)(G|X)(....?)?(F|Y|W|X)(C|X),UNK,5479
(C|X)(..(..)?)?(C|X)(...)?(L|I|V|M|F|Y|W|C|X)(........)?(H|X)(...(..)?)?(H|X),UNK,6888
((L|I|V|M|F|E|Z|X)(F|Y|X)(P|X)(W|X)(M|X)(K|R|Q|Z|T|A|X)),UNK,10149
((L|X)(M|X)(A|X)(E|Z|Q|Z|X)(G|X)(L|X)(Y|X)(N|B|X)),UNK,5475
((R|X)(P|X)(C|X)(..........)?(C|X)(V|X)(S|X)),UNK,5437
(R|K|X)(...?)?(D|B|E|Z|X)(...?)?(Y|X),UNK,5370
.(G|X)(R|K|X)(R|K|X),UNK,735
(S|T|X).(R|K|X),UNK,985
(.(G|X)(R|K|X)(R|K|X))|((S|T|X).(R|K|X)),UNK,1206
((L|X)(M|X)(A|X)(E|Z|Q|Z|X)(G|X)(L|X)(Y|X)(N|B|X))|((R|X)(P|X)(C|X)(..........)?(C|X)(V|X)(S|X)),UNK,6122
((R|X)(P|X)(C|X)(..........)?(C|X)(V|X)(S|X))|((R|K|X)(...?)?(D|B|E|Z|X)(...?)?(Y|X)),UNK,7084
((L|X)(M|X)(A|X)(E|Z|Q|Z|X)(G|X)(L|X)(Y|X)(N|B|X))|((R|K|X)(...?)?(D|B|E|Z|X)(...?)?(Y|X)),UNK,6087
((L|X)(M|X)(A|X)(E|Z|Q|Z|X)(G|X)(L|X)(Y|X)(N|B|X))|((R|X)(P|X)(C|X)(..........)?(C|X)(V|X)(S|X))|((R|K|X)(...?)?(D|B|E|Z|X)(...?)?(Y|X)),UNK,7239
((R|X)(P|X)(C|X)(..........)?(C|X)(V|X)(S|X))|((R|K|X)(...?)?(D|B|E|Z|X)(...?)?(Y|X))|((S|T|X).(R|K|X)),UNK,1586
((R|K|X)(...?)?(D|B|E|Z|X)(...?)?(Y|X))|(.(G|X)(R|K|X)(R|K|X))|((S|T|X).(R|K|X)),UNK,1607
((C|X)(.....?)?(C|X)(C|X)(S|X)(..)?(G|X).(C|X)(G|X)(....?)?(F|Y|W|X)(C|X))|((C|X)(..(..)?)?(C|X)(...)?(L|I|V|M|F|Y|W|C|X)(........)?(H|X)(...(..)?)?(H|X))|((R|X)(P|X)(C|X)(..........)?(C|X)(V|X)(S|X)),UNK,8184
((C|X)(.....?)?(C|X)(C|X)(S|X)(..)?(G|X).(C|X)(G|X)(....?)?(F|Y|W|X)(C|X))|((C|X)(..(..)?)?(C|X)(...)?(L|I|V|M|F|Y|W|C|X)(........)?(H|X)(...(..)?)?(H|X))|((R|X)(P|X)(C|X)(..........)?(C|X)(V|X)(S|X))|(.(G|X)(R|K|X)(R|K|X)),UNK,1589
((C|X)(..(..)?)?(C|X)(...)?(L|I|V|M|F|Y|W|C|X)(........)?(H|X)(...(..)?)?(H|X))|((R|K|X)(...?)?(D|B|E|Z|X)(...?)?(Y|X))|(((R|X)(P|X)(C|X)(..........)?(C|X)(V|X)(S|X)))|(((L|X)(M|X)(A|X)(E|Z|Q|Z|X)(G|X)(L|X)(Y|X)(N|B|X))),UNK,6943
((C|X).(D|B|N|B|X)(....)?(F|Y|X).(C|X).(C|X))|((C|X)(.....?)?(C|X)(C|X)(S|X)(..)?(G|X).(C|X)(G|X)(....?)?(F|Y|W|X)(C|X))|((C|X)(..(..)?)?(C|X)(...)?(L|I|V|M|F|Y|W|C|X)(........)?(H|X)(...(..)?)?(H|X))|(((L|X)(M|X)(A|X)(E|Z|Q|Z|X)(G|X)(L|X)(Y|X)(N|B|X))),UNK,6143
string,MYKMYFLKDQKFSLSGTIRINDKTQSEYGSVWCPGLSITGLHHDAIDHNMFEEMETEIIEYLGPWVQAEYRRIKG,,
regex,result,re2copro
(((R|K|X)(R|K|X))?.(S|T|X)),UNK,300
(S|T|X)(..)?(D|B|E|Z|X),UNK,530
(C|X).(D|B|N|B|X)(....)?(F|Y|X).(C|X).(C|X),UNK,1186
(C|X)(.....?)?(C|X)(C|X)(S|X)(..)?(G|X).(C|X)(G|X)(....?)?(F|Y|W|X)(C|X),UNK,1176
(C|X)(..(..)?)?(C|X)(...)?(L|I|V|M|F|Y|W|C|X)(........)?(H|X)(...(..)?)?(H|X),UNK,1505
((L|I|V|M|F|E|Z|X)(F|Y|X)(P|X)(W|X)(M|X)(K|R|Q|Z|T|A|X)),UNK,2209
((L|X)(M|X)(A|X)(E|Z|Q|Z|X)(G|X)(L|X)(Y|X)(N|B|X)),UNK,1180
((R|X)(P|X)(C|X)(..........)?(C|X)(V|X)(S|X)),UNK,1176
(R|K|X)(...?)?(D|B|E|Z|X)(...?)?(Y|X),UNK,604
.(G|X)(R|K|X)(R|K|X),UNK,1179
(S|T|X).(R|K|X),UNK,348
(.(G|X)(R|K|X)(R|K|X))|((S|T|X).(R|K|X)),UNK,505
((L|X)(M|X)(A|X)(E|Z|Q|Z|X)(G|X)(L|X)(Y|X)(N|B|X))|((R|X)(P|X)(C|X)(..........)?(C|X)(V|X)(S|X)),UNK,1328
((R|X)(P|X)(C|X)(..........)?(C|X)(V|X)(S|X))|((R|K|X)(...?)?(D|B|E|Z|X)(...?)?(Y|X)),UNK,788
((L|X)(M|X)(A|X)(E|Z|Q|Z|X)(G|X)(L|X)(Y|X)(N|B|X))|((R|K|X)(...?)?(D|B|E|Z|X)(...?)?(Y|X)),UNK,681
((L|X)(M|X)(A|X)(E|Z|Q|Z|X)(G|X)(L|X)(Y|X)(N|B|X))|((R|X)(P|X)(C|X)(..........)?(C|X)(V|X)(S|X))|((R|K|X)(...?)?(D|B|E|Z|X)(...?)?(Y|X)),UNK,804
((R|X)(P|X)(C|X)(..........)?(C|X)(V|X)(S|X))|((R|K|X)(...?)?(D|B|E|Z|X)(...?)?(Y|X))|((S|T|X).(R|K|X)),UNK,581
((R|K|X)(...?)?(D|B|E|Z|X)(...?)?(Y|X))|(.(G|X)(R|K|X)(R|K|X))|((S|T|X).(R|K|X)),UNK,688
((C|X)(.....?)?(C|X)(C|X)(S|X)(..)?(G|X).(C|X)(G|X)(....?)?(F|Y|W|X)(C|X))|((C|X)(..(..)?)?(C|X)(...)?(L|I|V|M|F|Y|W|C|X)(........)?(H|X)(...(..)?)?(H|X))|((R|X)(P|X)(C|X)(..........)?(C|X)(V|X)(S|X)),UNK,1754
((C|X)(.....?)?(C|X)(C|X)(S|X)(..)?(G|X).(C|X)(G|X)(....?)?(F|Y|W|X)(C|X))|((C|X)(..(..)?)?(C|X)(...)?(L|I|V|M|F|Y|W|C|X)(........)?(H|X)(...(..)?)?(H|X))|((R|X)(P|X)(C|X)(..........)?(C|X)(V|X)(S|X))|(.(G|X)(R|K|X)(R|K|X)),UNK,2505
((C|X)(..(..)?)?(C|X)(...)?(L|I|V|M|F|Y|W|C|X)(........)?(H|X)(...(..)?)?(H|X))|((R|K|X)(...?)?(D|B|E|Z|X)(...?)?(Y|X))|(((R|X)(P|X)(C|X)(..........)?(C|X)(V|X)(S|X)))|(((L|X)(M|X)(A|X)(E|Z|Q|Z|X)(G|X)(L|X)(Y|X)(N|B|X))),UNK,772
((C|X).(D|B|N|B|X)(....)?(F|Y|X).(C|X).(C|X))|((C|X)(.....?)?(C|X)(C|X)(S|X)(..)?(G|X).(C|X)(G|X)(....?)?(F|Y|W|X)(C|X))|((C|X)(..(..)?)?(C|X)(...)?(L|I|V|M|F|Y|W|C|X)(........)?(H|X)(...(..)?)?(H|X))|(((L|X)(M|X)(A|X)(E|Z|Q|Z|X)(G|X)(L|X)(Y|X)(N|B|X))),UNK,1303
